{"stat.useItem.minecraft.bow":67,"stat.pickup.minecraft.wooden_slab":69,"stat.leaveGame":84,"stat.useItem.harvestcraft.amaranthitem":4,"stat.pickup.harvestcraft.huckleberryitem":3,"stat.craftItem.spartanweaponry.greatsword_stone":1,"stat.killEntity.poison_pot_crab":1,"stat.killEntity.pot_crab":2,"stat.pickup.harvestcraft.calamarirawitem":2,"stat.pickup.minecraft.rotten_flesh":187,"stat.craftItem.harvestcraft.baconandeggsitem":6,"stat.craftItem.minecraft.stone_axe":1,"stat.drop.harvestcraft.tealeafitem":4,"stat.useItem.minecraft.birch_boat":13,"stat.killEntity.Enderman":3,"stat.pickup.spartanweaponry.greatsword_stone":1,"stat.mineBlock.minecraft.wooden_slab":58,"stat.mineBlock.stacked_dimensions_warden.sculk_trap_inactive":5,"stat.entityKilledBy.artifacts.mimic":1,"stat.pickup.harvestcraft.radishitem":1,"stat.craftItem.minecraft.iron_shovel":1,"stat.killEntity.Witch":3,"stat.pickup.artifacts.lucky_horseshoe":3,"stat.pickup.harvestcraft.scallionitem":2,"stat.mineBlock.minecraft.end_stone":30,"stat.craftItem.harvestcraft.paperbark_sapling":1,"stat.drop.harvestcraft.radishitem":1,"stat.useItem.minecraft.iron_pickaxe":872,"stat.craftItem.minecraft.wooden_pickaxe":1,"stat.useItem.minecraft.iron_shovel":263,"stat.pickup.harvestcraft.rhubarbitem":2,"stat.drop.tetra.duplex_tool_modular":1,"stat.craftItem.harvestcraft.skilletitem":1,"stat.craftItem.minecraft.glass_pane":16,"stat.pickup.harvestcraft.onionitem":34,"stat.mineBlock.minecraft.vine":28,"stat.mineBlock.minecraft.hopper":1,"stat.furnaceInteraction":222,"stat.mineBlock.minecraft.rail":12,"stat.craftItem.spartanweaponry.material":12,"stat.killEntity.ZombieVillager":5,"stat.pickup.harvestcraft.cornitem":41,"stat.craftItem.futuremc.dye":3,"stat.useItem.minecraft.fence":10,"stat.mineBlock.stacked_dimensions_warden.grimstone_redstone_ore":3,"stat.mineBlock.minecraft.fence":10,"stat.craftItem.securitycraft.laser_block":1,"stat.pickup.minecraft.emerald":11,"stat.useItem.minecraft.dye":109,"stat.deaths":5,"stat.pickup.minecraft.egg":710,"stat.craftItem.bountifulbaubles.reforger":1,"stat.craftItem.minecraft.iron_pickaxe":6,"stat.pickup.minecraft.glass_pane":8,"stat.craftItem.craftingstation.crafting_station":2,"stat.drop.minecraft.glass_bottle":1,"stat.pickup.packedup.ironbackpack":1,"stat.mineBlock.minecraft.tallgrass":181,"stat.craftItem.minecraft.cooked_mutton":19,"stat.pickup.bountifulbaubles.potionwormhole":3,"stat.chestOpened":609,"stat.useItem.minecraft.splash_potion":1,"stat.useItem.minecraft.stone":230,"stat.pickup.minecraft.arrow":57,"stat.craftItem.minecraft.coal":1,"stat.pickup.harvestcraft.chilipepperitem":21,"stat.drop.minecraft.iron_pickaxe":1,"stat.pickup.minecraft.carrot":271,"stat.crouchOneCm":40566,"stat.pickup.minecraft.rail":38,"stat.mineBlock.minecraft.chest":21,"stat.craftItem.minecraft.iron_ingot":420,"stat.pickup.harvestcraft.walnutitem":6,"stat.mineBlock.futuremc.lily_of_the_valley":19,"stat.craftItem.minecraft.hopper":3,"stat.craftingTableInteraction":180,"stat.mineBlock.minecraft.log2":26,"stat.useItem.minecraft.reeds":22,"stat.pickup.minecraft.birch_boat":11,"stat.mineBlock.pots_and_mimics.treasure_pot":24,"stat.mineBlock.caves_and_cliffs.copper_ore":1,"stat.pickup.bountifulbaubles.flaregun":1,"stat.pickup.minecraft.dye":836,"stat.pickup.minecraft.planks":378,"stat.useItem.harvestcraft.lettuceitem":1,"stat.pickup.minecraft.wheat_seeds":57,"stat.mineBlock.stacked_dimensions_warden.grimstone_gold_ore":9,"stat.mineBlock.minecraft.dirt":779,"stat.useItem.minecraft.bread":7,"stat.useItem.spartanweaponry.dagger_stone":37,"stat.pickup.tetra.duplex_tool_modular":3,"stat.pickup.stacked_dimensions_warden.sculk_infested_flesh":8,"stat.drop.minecraft.rotten_flesh":1,"stat.craftItem.securitycraft.portable_radar":2,"stat.useItem.minecraft.cobblestone":1072,"stat.useItem.minecraft.gravel":1,"stat.mineBlock.minecraft.double_plant":10,"stat.craftItem.spartanweaponry.halberd_nickel":2,"stat.pickup.harvestcraft.hazelnutitem":4,"stat.useItem.harvestcraft.sweetpotatoitem":2,"stat.pickup.minecraft.iron_pickaxe":7,"stat.craftItem.minecraft.gold_ingot":34,"stat.drop.minecraft.sapling":2,"stat.pickup.minecraft.hopper":1,"stat.pickup.minecraft.chicken":2,"stat.pickup.minecraft.apple":12,"stat.craftItem.spartanweaponry.mace_stone":1,"stat.pickup.minecraft.banner":2,"stat.pickup.minecraft.end_stone":30,"stat.craftItem.minecraft.bucket":1,"stat.craftItem.minecraft.planks":416,"stat.useItem.minecraft.iron_sword":42,"stat.pickup.futuremc.cornflower":29,"stat.itemEnchanted":45,"stat.mineBlock.minecraft.log":120,"stat.useItem.carryon.entity_item":18,"stat.mineBlock.stacked_dimensions_warden.deepslate":525,"stat.craftItem.minecraft.paper":30,"stat.pickup.minecraft.red_flower":34,"stat.pickup.minecraft.wool":22,"stat.useItem.minecraft.wooden_axe":27,"stat.cakeSlicesEaten":4,"stat.entityKilledBy.raids.Pillager":1,"stat.useItem.minecraft.iron_axe":137,"stat.mineBlock.minecraft.cobblestone":153,"stat.pickup.minecraft.flint":2,"stat.mineBlock.minecraft.yellow_flower":2,"stat.craftItem.minecraft.wool":2,"stat.killEntity.sculker":1,"stat.pickup.basemetals.lead_ore":12,"stat.craftItem.basemetals.silver_ingot":18,"stat.pickup.stacked_dimensions_warden.stoneflower":1,"stat.pickup.minecraft.enchanted_book":1,"stat.drop.minecraft.cobblestone":3,"stat.useItem.securitycraft.dirt_mine":1,"stat.useItem.harvestcraft.teaseeditem":88,"stat.useItem.harvestcraft.tomatoitem":1,"stat.useItem.minecraft.stone_slab2":241,"stat.pickup.minecraft.bow":4,"stat.pickup.minecraft.iron_boots":1,"stat.useItem.harvestcraft.wintersquashitem":2,"stat.craftItem.minecraft.furnace":9,"stat.craftItem.basemetals.tin_ingot":4,"stat.useItem.minecraft.egg":104,"stat.craftItem.minecraft.iron_boots":1,"stat.craftItem.minecraft.spruce_boat":1,"stat.mineBlock.minecraft.obsidian":22,"stat.craftItem.minecraft.bow":5,"stat.pickup.harvestcraft.jicamaitem":1,"stat.mineBlock.minecraft.clay":4,"stat.flyOneCm":1203681,"stat.pickup.minecraft.sandstone":52,"stat.pickup.minecraft.fish":1,"stat.timeSinceDeath":206231,"stat.useItem.minecraft.wooden_slab":168,"stat.craftItem.minecraft.iron_block":16,"stat.killEntity.Bat":3,"stat.pickup.travelersbackpack.travelers_backpack":1,"stat.useItem.minecraft.potato":1,"stat.killEntity.Wolf":5,"stat.mineBlock.basemetals.mercury_ore":5,"stat.mineBlock.minecraft.coal_ore":481,"stat.killEntity.Creeper":16,"stat.talkedToVillager":6,"stat.pickup.minecraft.string":125,"stat.craftItem.packedup.basicbackpack":1,"stat.pickup.comforts.sleeping_bag":6,"stat.mineBlock.minecraft.ladder":5,"stat.entityKilledBy.Skeleton":2,"stat.useItem.spartanweaponry.mace_stone":135,"stat.killEntity.Squid":1,"stat.sprintOneCm":1887765,"stat.mineBlock.minecraft.stone_slab":10,"stat.craftItem.minecraft.wooden_axe":1,"stat.killEntity.raids.Pillager":5,"stat.mineBlock.minecraft.diamond_ore":22,"stat.mineBlock.futuremc.grindstone":1,"stat.pickup.spartanweaponry.crossbow_wood":1,"stat.pickup.harvestcraft.quinoaitem":3,"stat.pickup.harvestcraft.mustardseedsitem":24,"stat.pickup.tetra.geode":7,"stat.pickup.harvestcraft.flaxitem":11,"stat.useItem.minecraft.ladder":43,"stat.useItem.stacked_dimensions_warden.chiseled_slate":15,"stat.killEntity.Zombie":1941,"stat.craftItem.minecraft.dye":119,"stat.craftItem.basemetals.zinc_ingot":2,"stat.mineBlock.minecraft.gold_ore":45,"stat.diveOneCm":359051,"stat.pickup.minecraft.wheat":29,"stat.mineBlock.minecraft.mossy_cobblestone":29,"stat.mineBlock.basemetals.tin_ore":2,"stat.craftItem.minecraft.ladder":15,"stat.craftItem.minecraft.cooked_porkchop":12,"stat.pickup.minecraft.stone_axe":1,"stat.pickup.minecraft.obsidian":22,"stat.useItem.minecraft.rotten_flesh":278,"stat.jump":10059,"stat.useItem.minecraft.sand":4,"stat.pickup.minecraft.coal":506,"stat.pickup.minecraft.iron_ingot":322,"stat.pickup.minecraft.gunpowder":68,"stat.pickup.harvestcraft.milletitem":1,"stat.craftItem.minecraft.torch":668,"stat.pickup.minecraft.dirt":1221,"stat.craftItem.comforts.sleeping_bag":2,"stat.pickup.harvestcraft.chestnutitem":4,"stat.useItem.minecraft.glass":4,"stat.mineBlock.stacked_dimensions_warden.deeper_layer_1_portal":1,"stat.useItem.minecraft.sapling":5,"stat.pickup.minecraft.gold_ore":77,"stat.mineBlock.minecraft.lapis_ore":60,"stat.mineBlock.stacked_dimensions_warden.cobbled_deepslate":26,"stat.damageTaken":7457,"stat.mineBlock.minecraft.torch":145,"stat.craftItem.basemetals.lead_ingot":8,"stat.mineBlock.minecraft.red_flower":34,"stat.useItem.harvestcraft.radishitem":3,"stat.useItem.spartanweaponry.greatsword_stone":132,"stat.pickup.basemetals.zinc_ingot":4,"stat.pickup.minecraft.log2":31,"stat.pickup.artifacts.thorn_pendant":3,"stat.useItem.minecraft.birch_fence":3,"stat.pickup.minecraft.potato":23,"stat.entityKilledBy.Zombie":1,"stat.pickup.harvestcraft.lettuceitem":29,"stat.killEntity.Silverfish":1,"stat.useItem.tetra.sword_modular":2117,"stat.pickup.artifacts.shiny_red_balloon":2,"stat.useItem.harvestcraft.onionitem":1,"stat.craftItem.minecraft.stone_slab":6,"stat.craftItem.securitycraft.universal_block_reinforcer_lvl1":2,"stat.animalsBred":33,"stat.useItem.minecraft.chest":8,"stat.useItem.minecraft.lava_bucket":12,"stat.pickup.stacked_dimensions_warden.amethyst_shard":1,"stat.pickup.harvestcraft.celeryitem":1,"stat.pickup.futuremc.grindstone":1,"stat.pickup.bountifulbaubles.potionrecall":1,"stat.pickup.harvestcraft.spiceleafitem":1,"stat.useItem.harvestcraft.scallionitem":2,"stat.useItem.endreborn.food_ender_flesh":1,"stat.craftItem.minecraft.iron_chestplate":1,"stat.pickup.caves_and_cliffs.copper_ore":2,"stat.pickup.minecraft.ender_pearl":9,"stat.pickup.minecraft.ladder":7,"stat.killEntity.sculk_zombie":6,"stat.craftItem.minecraft.bookshelf":5,"stat.mineBlock.minecraft.stonebrick":27,"stat.useItem.harvestcraft.parsnipitem":5,"stat.pickup.securitycraft.reinforced_dispenser":1,"stat.mineBlock.oresabovediamonds.amethyst_ore":4,"stat.pickup.harvestcraft.cucumberitem":36,"stat.pickup.harvestcraft.strawberryitem":25,"stat.mobKills":2156,"stat.mineBlock.basemetals.lead_ore":8,"stat.pickup.minecraft.diamond":109,"stat.pickup.minecraft.iron_horse_armor":5,"stat.pickup.minecraft.beetroot_seeds":21,"stat.pickup.minecraft.torch":225,"stat.mineBlock.stacked_dimensions_warden.sculk_crate":1,"stat.mineBlock.stacked_dimensions_warden.sculk_catalyst_bloom":4,"stat.useItem.minecraft.bookshelf":9,"stat.craftItem.minecraft.iron_axe":2,"stat.mineBlock.basemetals.copper_ore":14,"stat.pickup.basemetals.tin_ore":4,"stat.useItem.minecraft.planks":128,"stat.craftItem.endreborn.crop_ender_flower":21,"stat.pickup.minecraft.porkchop":118,"stat.pickup.tetra.journal":1,"stat.useItem.minecraft.water_bucket":94,"stat.mineBlock.minecraft.stone_brick_stairs":1,"stat.mineBlock.stacked_dimensions_warden.amethyst_ore":1,"stat.pickup.minecraft.sand":326,"stat.pickup.harvestcraft.sweetpotatoitem":2,"stat.pickup.minecraft.name_tag":3,"stat.killEntity.archer":4,"stat.pickup.harvestcraft.wintersquashitem":13,"stat.pickup.minecraft.activator_rail":8,"stat.pickup.artifacts.power_glove":1,"stat.useItem.minecraft.ender_pearl":9,"stat.mineBlock.minecraft.sand":53,"stat.craftItem.spartanshields.shield_basic_wood":2,"stat.hopperInspected":6,"stat.useItem.minecraft.spawn_egg":4,"stat.pickup.securitycraft.laser_block":1,"stat.mineBlock.basemetals.nickel_ore":4,"stat.mineBlock.futuremc.cornflower":1,"stat.useItem.harvestcraft.leekitem":1,"stat.pickup.basemetals.zinc_ore":4,"stat.pickup.harvestcraft.turnipitem":5,"stat.useItem.minecraft.cooked_mutton":13,"stat.mineBlock.endreborn.broken_ender_flower":1,"stat.mineBlock.harvestcraft.windygarden":105,"stat.craftItem.spartanweaponry.dagger_stone":4,"stat.mineBlock.stacked_dimensions_warden.hardstone":2,"stat.pickup.bountifulbaubles.flare_red":40,"stat.pickup.futuremc.lily_of_the_valley":19,"stat.craftItem.tetra.duplex_tool_modular":3,"stat.pickup.minecraft.pumpkin_seeds":15,"stat.pickup.basemetals.nickel_ore":4,"stat.pickup.minecraft.saddle":1,"stat.useItem.tetra.duplex_tool_modular":5409,"stat.pickup.basemetals.copper_ore":14,"stat.playOneMinute":1182453,"stat.drop.minecraft.string":1,"stat.pickup.harvestcraft.cottonitem":1,"stat.pickup.harvestcraft.tomatoitem":1,"stat.drop.minecraft.flint":1,"stat.craftItem.basemetals.copper_ingot":14,"stat.pickup.minecraft.detector_rail":3,"stat.mineBlock.minecraft.gold_block":2,"stat.craftItem.minecraft.iron_nugget":9,"stat.pickup.endreborn.block_entropy_end_stone":121,"stat.fallOneCm":237397,"stat.pickup.minecraft.melon_seeds":3,"stat.pickup.basemetals.silver_ore":21,"stat.useItem.harvestcraft.chilipepperitem":2,"stat.pickup.stacked_dimensions_warden.deep_candles":5,"stat.craftItem.minecraft.chest":9,"stat.useItem.harvestcraft.bellpepperitem":3,"stat.craftItem.harvestcraft.teaseeditem":93,"stat.pickup.minecraft.feather":4,"stat.pickup.minecraft.record_cat":1,"stat.useItem.minecraft.furnace":3,"stat.drop.harvestcraft.cucumberitem":2,"stat.killEntity.Llama":9,"stat.mineBlock.minecraft.gravel":27,"stat.pickup.stacked_dimensions_warden.sculk_crystal_deepslate":1,"stat.pickup.stacked_dimensions_warden.sculk_crate":1,"stat.useItem.minecraft.stone_pickaxe":131,"stat.craftItem.minecraft.iron_leggings":1,"stat.useItem.minecraft.wool":2,"stat.mineBlock.basemetals.silver_ore":19,"stat.craftItem.minecraft.leather":96,"stat.craftItem.securitycraft.dirt_mine":3,"stat.pickup.minecraft.record_13":1,"stat.mineBlock.minecraft.monster_egg":3,"stat.useItem.minecraft.torch":1174,"stat.pickup.minecraft.golden_apple":2,"stat.mineBlock.harvestcraft.pampaperbark":3,"stat.craftItem.minecraft.redstone_block":63,"stat.pickup.minecraft.crafting_table":5,"stat.useItem.minecraft.log":2,"stat.craftItem.minecraft.crafting_table":10,"stat.mineBlock.minecraft.emerald_ore":10,"stat.pickup.basemetals.mercury_ore":8,"stat.pickup.minecraft.log":120,"stat.mineBlock.stacked_dimensions_warden.grimstone_diamond_ore":87,"stat.pickup.raids.ominous_bottle":2,"stat.pickup.minecraft.sapling":44,"stat.drop.minecraft.bow":1,"stat.pickup.harvestcraft.parsnipitem":31,"stat.drop.comforts.sleeping_bag":1,"stat.mineBlock.basemetals.zinc_ore":2,"stat.pickup.artifacts.flame_pendant":4,"stat.pickup.harvestcraft.juteitem":2,"stat.sneakTime":16267,"stat.pickup.harvestcraft.tealeafitem":416,"stat.craftItem.tetra.toolbelt_modular":1,"stat.pickup.minecraft.stone_slab":13,"stat.pickup.minecraft.yellow_flower":6,"stat.pickup.harvestcraft.avocadoitem":4,"stat.pickup.minecraft.chest":25,"stat.craftItem.minecraft.enchanting_table":1,"stat.craftItem.minecraft.diamond_chestplate":1,"stat.pickup.minecraft.bone":66,"stat.craftItem.packedup.ironbackpack":1,"stat.mineBlock.endreborn.block_entropy_end_stone":118,"stat.useItem.harvestcraft.tealeafitem":14,"stat.craftItem.securitycraft.sentry":2,"stat.swimOneCm":211144,"stat.climbOneCm":158130,"stat.pickup.harvestcraft.artichokeitem":41,"stat.craftItem.securitycraft.mine":3,"stat.useItem.harvestcraft.strawberryitem":1,"stat.useItem.minecraft.dirt":534,"stat.useItem.harvestcraft.barleyitem":2,"stat.killEntity.artifacts.mimic":8,"stat.pickup.securitycraft.reinforced_metals":3,"stat.craftItem.minecraft.stone_pickaxe":1,"stat.pickup.minecraft.cobblestone":2937,"stat.pickup.minecraft.gold_block":2,"stat.useItem.harvestcraft.juteitem":2,"stat.pickup.minecraft.glass_bottle":1,"stat.pickup.spartanweaponry.dagger_stone":3,"stat.drop.minecraft.wheat_seeds":11,"stat.pickup.endreborn.food_ender_flesh":1,"stat.pickup.harvestcraft.leekitem":1,"stat.pickup.oresabovediamonds.amethyst":8,"stat.pickup.minecraft.redstone":1057,"stat.craftItem.minecraft.dispenser":2,"stat.mineBlock.minecraft.iron_ore":473,"stat.craftItem.minecraft.book":9,"stat.useItem.harvestcraft.peanutitem":3,"stat.pickup.basemetals.tin_ingot":1,"stat.pickup.minecraft.mutton":27,"stat.pickup.minecraft.mossy_cobblestone":29,"stat.useItem.harvestcraft.cornitem":1,"stat.pickup.minecraft.stonebrick":28,"stat.drop.spartanweaponry.greatsword_stone":1,"stat.drop.minecraft.dirt":1,"stat.useItem.minecraft.cooked_porkchop":12,"stat.pickup.spartanweaponry.material":1,"stat.craftItem.minecraft.stone_slab2":0,"stat.pickup.minecraft.paper":4,"stat.craftItem.minecraft.stick":452,"stat.mineBlock.stacked_dimensions_warden.chiseled_slate":13,"stat.useItem.minecraft.stone_slab":10,"stat.mineBlock.harvestcraft.pamwalnut":3,"stat.craftItem.minecraft.stone":232,"stat.pickup.harvestcraft.barleyitem":37,"stat.mineBlock.minecraft.crafting_table":2,"stat.drop.tetra.sword_modular":1,"stat.useItem.minecraft.diamond_pickaxe":399,"stat.useItem.minecraft.carrot":74,"stat.useItem.minecraft.wheat":5,"stat.pickup.minecraft.golden_horse_armor":1,"stat.pickup.endreborn.catalyst":2,"stat.drop.harvestcraft.spiceleafitem":1,"stat.mineBlock.minecraft.planks":97,"stat.drop":39,"stat.pickup.minecraft.stone_button":1,"stat.killEntity.Sheep":14,"stat.pickup.minecraft.slime_ball":2,"stat.pickup.tetra.sword_modular":3,"stat.craftItem.minecraft.diamond_pickaxe":1,"stat.drop.bountifulbaubles.flaregun":1,"stat.mineBlock.tetra.workbench":3,"stat.pickup.harvestcraft.garlicitem":3,"stat.useItem.spartanweaponry.halberd_nickel":199,"stat.pickup.minecraft.gravel":36,"stat.killEntity.Slime":1,"stat.useItem.minecraft.apple":10,"stat.pickup.stacked_dimensions_warden.deepslate":204,"stat.pickup.stacked_dimensions_warden.chiseled_slate":13,"stat.useItem.minecraft.porkchop":3,"stat.craftItem.harvestcraft.cuttingboarditem":1,"stat.pickup.minecraft.stone_brick_stairs":1,"stat.pickup.minecraft.fence":12,"stat.drop.bountifulbaubles.potionwormhole":4,"stat.pickup.minecraft.iron_helmet":1,"stat.craftItem.minecraft.birch_boat":3,"stat.useItem.minecraft.stone_axe":172,"stat.pickup.harvestcraft.peanutitem":22,"stat.mineBlock.harvestcraft.shadedgarden":7,"stat.pickup.minecraft.spider_eye":4,"stat.mineBlock.stacked_dimensions_warden.stoneflower":1,"stat.craftItem.minecraft.iron_helmet":2,"stat.craftItem.basemetals.tin_nugget":18,"stat.pickup.harvestcraft.bellpepperitem":28,"stat.mineBlock.harvestcraft.frostgarden":1,"stat.mineBlock.stacked_dimensions_warden.sculk_crystal_deepslate":15,"stat.pickup.minecraft.iron_ore":670,"stat.boatOneCm":136443,"stat.pickup.minecraft.leather":50,"stat.useItem.harvestcraft.flaxitem":5,"stat.useItem.minecraft.wooden_pickaxe":3,"stat.drop.minecraft.water_bucket":1,"stat.mineBlock.harvestcraft.pamavocado":1,"stat.pickup.minecraft.reeds":282,"stat.mineBlock.stacked_dimensions_warden.sculk_block":14,"stat.killEntity.axolotl":1,"stat.damageDealt":157152,"stat.craftItem.minecraft.glass":53,"stat.sleepInBed":27,"stat.craftItem.minecraft.anvil":2,"stat.pickup.minecraft.minecart":4,"stat.killEntity.Pig":46,"stat.pickup.harvestcraft.elderberryitem":14,"stat.craftItem.minecraft.iron_sword":2,"stat.walkOneCm":1935524,"stat.pickup.minecraft.stick":10,"stat.pickup.minecraft.clay_ball":16,"stat.useItem.minecraft.spruce_boat":1,"stat.pickup.minecraft.tnt":3,"stat.useItem.harvestcraft.baconandeggsitem":41,"stat.pickup.minecraft.stone":619,"stat.mineBlock.minecraft.wool":2,"stat.pickup.harvestcraft.zucchiniitem":2,"stat.pickup.minecraft.gold_ingot":16,"stat.killEntity.Skeleton":35,"stat.pickup.harvestcraft.amaranthitem":38,"stat.killEntity.Chicken":4,"stat.killEntity.Spider":15,"stat.pickup.minecraft.bread":2,"stat.mineBlock.minecraft.leaves":41,"stat.mineBlock.minecraft.redstone_ore":185,"stat.mineBlock.harvestcraft.soggygarden":1,"stat.mineBlock.minecraft.stone":3293}