{"stat.chestOpened":4,"stat.mineBlock.minecraft.mossy_cobblestone":1,"stat.useItem.minecraft.fish":2,"stat.useItem.biomesoplenty.peach":1,"stat.useItem.minecraft.iron_axe":98,"stat.pickup.minecraft.gravel":1,"stat.leaveGame":2,"stat.mineBlock.minecraft.cobblestone":3,"stat.craftItem.minecraft.iron_axe":1,"stat.useItem.minecraft.porkchop":11,"stat.jump":1194,"stat.swimOneCm":2594,"stat.fallOneCm":26760,"stat.climbOneCm":824,"stat.pickup.minecraft.iron_ingot":29,"stat.useItem.minecraft.planks":125,"stat.pickup.minecraft.glowstone_dust":3,"stat.pickup.minecraft.porkchop":11,"stat.crouchOneCm":5077,"stat.mineBlock.minecraft.chest":2,"stat.pickup.minecraft.dirt":6,"stat.useItem.minecraft.dirt":20,"stat.useItem.minecraft.stone_slab2":10,"stat.craftItem.comforts.sleeping_bag":1,"stat.useItem.minecraft.water_bucket":1,"stat.craftingTableInteraction":3,"stat.pickup.minecraft.iron_ore":20,"stat.mineBlock.minecraft.leaves2":1,"stat.damageTaken":280,"stat.pickup.minecraft.leather":18,"stat.craftItem.minecraft.stone_pickaxe":1,"stat.useItem.minecraft.wooden_pickaxe":9,"stat.pickup.minecraft.cobblestone":6,"stat.pickup.minecraft.reeds":8,"stat.flyOneCm":207151,"stat.pickup.minecraft.bed":1,"stat.pickup.minecraft.wheat_seeds":4,"stat.mineBlock.minecraft.gravel":1,"stat.useItem.minecraft.stone_pickaxe":3,"stat.damageDealt":5016,"stat.mineBlock.minecraft.iron_ore":20,"stat.sleepInBed":3,"stat.timeSinceDeath":41833,"stat.killEntity.Cow":2,"stat.drop.minecraft.log":3,"stat.mineBlock.minecraft.dirt":6,"stat.useItem.minecraft.iron_pickaxe":61,"stat.killEntity.Pig":6,"stat.pickup.minecraft.mossy_cobblestone":1,"stat.pickup.minecraft.double_plant":1,"stat.walkOneCm":84971,"stat.useItem.minecraft.bread":1,"stat.mineBlock.minecraft.coal_block":1,"stat.pickup.minecraft.crafting_table":1,"stat.useItem.minecraft.cobblestone":13,"stat.furnaceInteraction":2,"stat.pickup.minecraft.log":32,"stat.pickup.comforts.sleeping_bag":1,"stat.pickup.minecraft.beef":2,"stat.pickup.minecraft.stone":2,"stat.pickup.minecraft.web":3,"stat.mineBlock.minecraft.wool":7,"stat.pickup.raids.ominous_bottle":1,"stat.craftItem.tconstruct.tooltables":1,"stat.pickup.minecraft.sapling":6,"stat.sprintOneCm":143805,"stat.mineBlock.minecraft.stone_slab":1,"stat.craftItem.minecraft.stick":8,"stat.craftItem.minecraft.wooden_axe":1,"stat.pickup.minecraft.banner":1,"stat.pickup.minecraft.bone_block":37,"stat.pickup.minecraft.coal_block":1,"stat.craftItem.spartanshields.shield_tower_wood":2,"stat.killEntity.Horse":18,"stat.craftItem.minecraft.bucket":1,"stat.craftItem.minecraft.planks":136,"stat.killEntity.raids.Pillager":2,"stat.pickup.futuremc.cornflower":1,"stat.mineBlock.minecraft.crafting_table":1,"stat.mineBlock.minecraft.glowstone":1,"stat.mobKills":28,"stat.pickup.minecraft.book":1,"stat.mineBlock.minecraft.log":35,"stat.useItem.minecraft.beef":2,"stat.drop":9,"stat.mineBlock.minecraft.leaves":12,"stat.playOneMinute":41833,"stat.pickup.minecraft.red_flower":5,"stat.drop.minecraft.bone_block":6,"stat.sneakTime":1772,"stat.pickup.minecraft.wool":5,"stat.mineBlock.minecraft.bone_block":32,"stat.pickup.minecraft.stone_slab":1,"stat.useItem.minecraft.wooden_axe":4,"stat.mineBlock.minecraft.stone":5,"stat.mineBlock.minecraft.tallgrass":10,"stat.diveOneCm":3759,"stat.pickup.minecraft.chest":2,"stat.craftItem.spartanshields.shield_tower_iron":3}