{"stat.pickup.minecraft.rotten_flesh":2,"stat.mineBlock.minecraft.mossy_cobblestone":1,"stat.walkOneCm":10057,"stat.leaveGame":2,"stat.damageTaken":41,"stat.useItem.minecraft.diamond_axe":1,"stat.useItem.minecraft.pumpkin_pie":4,"stat.useItem.minecraft.diamond_pickaxe":7,"stat.pickup.minecraft.cobblestone":6,"stat.mobKills":1,"stat.useItem.minecraft.diamond_sword":3,"stat.pickup.minecraft.planks":1,"stat.flyOneCm":23511,"stat.mineBlock.minecraft.planks":1,"stat.jump":83,"stat.playOneMinute":4264,"stat.fallOneCm":688,"stat.useItem.minecraft.golden_shovel":32,"stat.sneakTime":20,"stat.damageDealt":200,"stat.crouchOneCm":54,"stat.killEntity.Zombie":1,"stat.timeSinceDeath":4264,"stat.pickup.minecraft.dirt":32,"stat.mineBlock.minecraft.dirt":34,"stat.sprintOneCm":18558,"stat.useItem.minecraft.stone_slab2":1,"stat.mineBlock.minecraft.stone":6,"stat.pickup.minecraft.mossy_cobblestone":1}