{"stat.pickup.minecraft.double_plant":1,"stat.walkOneCm":157237,"stat.pickup.minecraft.wooden_slab":2,"stat.leaveGame":9,"stat.pickup.minecraft.crafting_table":1,"stat.craftItem.minecraft.crafting_table":1,"stat.useItem.minecraft.cooked_porkchop":5,"stat.pickup.minecraft.log":26,"stat.pickup.comforts.sleeping_bag":1,"stat.jump":635,"stat.swimOneCm":277,"stat.fallOneCm":17878,"stat.useItem.minecraft.planks":14,"stat.pickup.minecraft.cooked_porkchop":7,"stat.pickup.minecraft.porkchop":4,"stat.crouchOneCm":1563,"stat.pickup.minecraft.sapling":2,"stat.pickup.minecraft.dirt":11,"stat.useItem.minecraft.dirt":10,"stat.sprintOneCm":51589,"stat.useItem.minecraft.stone_slab2":5,"stat.craftItem.comforts.sleeping_bag":1,"stat.craftItem.minecraft.stick":4,"stat.craftItem.minecraft.wooden_axe":1,"stat.craftingTableInteraction":3,"stat.pickup.minecraft.rotten_flesh":1,"stat.craftItem.minecraft.planks":36,"stat.mineBlock.minecraft.log2":4,"stat.damageTaken":405,"stat.mineBlock.minecraft.crafting_table":1,"stat.pickup.minecraft.feather":2,"stat.pickup.minecraft.cobblestone":2,"stat.mobKills":4,"stat.mineBlock.minecraft.wooden_slab":2,"stat.pickup.minecraft.log2":5,"stat.mineBlock.minecraft.log":26,"stat.flyOneCm":37976,"stat.pickup.minecraft.wheat_seeds":2,"stat.pickup.minecraft.brown_mushroom":1,"stat.mineBlock.minecraft.leaves":5,"stat.pickup.minecraft.egg":2,"stat.playOneMinute":50461,"stat.pickup.minecraft.red_flower":1,"stat.sneakTime":521,"stat.pickup.minecraft.wool":4,"stat.damageDealt":490,"stat.sleepInBed":1,"stat.timeSinceDeath":50461,"stat.useItem.minecraft.wooden_axe":44,"stat.killEntity.Pig":3}