{"stat.walkOneCm":29616,"stat.leaveGame":6,"stat.damageTaken":95,"stat.pickup.minecraft.log":2,"stat.flyOneCm":32675,"stat.pickup.comforts.sleeping_bag":1,"stat.pickup.minecraft.wheat_seeds":1,"stat.jump":213,"stat.mineBlock.minecraft.leaves":2,"stat.playOneMinute":12735,"stat.fallOneCm":7879,"stat.pickup.minecraft.wool":4,"stat.damageDealt":10,"stat.timeSinceDeath":12735,"stat.pickup.minecraft.sapling":1,"stat.sprintOneCm":33038,"stat.useItem.minecraft.stone_slab2":1,"stat.craftItem.comforts.sleeping_bag":1,"stat.craftingTableInteraction":1}