{"stat.walkOneCm":40686,"stat.leaveGame":7,"stat.damageTaken":115,"stat.pickup.minecraft.cobblestone":2,"stat.pickup.minecraft.log":2,"stat.flyOneCm":32758,"stat.pickup.comforts.sleeping_bag":1,"stat.pickup.minecraft.wheat_seeds":1,"stat.jump":269,"stat.mineBlock.minecraft.leaves":2,"stat.playOneMinute":21771,"stat.fallOneCm":9806,"stat.pickup.minecraft.wool":4,"stat.damageDealt":10,"stat.timeSinceDeath":21771,"stat.pickup.minecraft.sapling":1,"stat.sprintOneCm":33038,"stat.useItem.minecraft.stone_slab2":1,"stat.craftItem.comforts.sleeping_bag":1,"stat.craftingTableInteraction":1}