{"stat.pickup.minecraft.double_plant":1,"stat.walkOneCm":69441,"stat.leaveGame":8,"stat.mineBlock.minecraft.log2":1,"stat.damageTaken":115,"stat.pickup.minecraft.cobblestone":2,"stat.pickup.minecraft.log2":1,"stat.mineBlock.minecraft.log":4,"stat.pickup.minecraft.log":5,"stat.flyOneCm":32941,"stat.pickup.comforts.sleeping_bag":1,"stat.pickup.minecraft.wheat_seeds":2,"stat.jump":378,"stat.mineBlock.minecraft.leaves":3,"stat.playOneMinute":30046,"stat.fallOneCm":11803,"stat.pickup.minecraft.red_flower":1,"stat.pickup.minecraft.wool":4,"stat.damageDealt":10,"stat.timeSinceDeath":30046,"stat.pickup.minecraft.sapling":1,"stat.pickup.minecraft.dirt":11,"stat.sprintOneCm":33038,"stat.useItem.minecraft.stone_slab2":1,"stat.craftItem.comforts.sleeping_bag":1,"stat.craftingTableInteraction":1}