{"stat.pickup.artifacts.everlasting_rotten_flesh":1,"stat.walkOneCm":47063,"stat.leaveGame":12,"stat.craftItem.minecraft.cooked_porkchop":1,"stat.furnaceInteraction":2,"stat.useItem.minecraft.cooked_porkchop":1,"stat.pickup.minecraft.wooden_sword":1,"stat.pickup.minecraft.log":15,"stat.jump":249,"stat.swimOneCm":7809,"stat.useItem.minecraft.sand":1,"stat.useItem.artifacts.everlasting_rotten_flesh":6,"stat.fallOneCm":8849,"stat.useItem.minecraft.planks":2,"stat.pickup.minecraft.ender_pearl":3,"stat.pickup.minecraft.sapling":7,"stat.pickup.minecraft.dirt":3,"stat.sprintOneCm":38436,"stat.pickup.minecraft.sand":3,"stat.craftItem.minecraft.planks":4,"stat.damageTaken":589,"stat.mineBlock.minecraft.log":15,"stat.pickup.minecraft.planks":1,"stat.flyOneCm":16223,"stat.mineBlock.minecraft.planks":1,"stat.deaths":1,"stat.useItem.minecraft.ender_pearl":2,"stat.pickup.minecraft.wheat_seeds":1,"stat.mineBlock.minecraft.sand":3,"stat.mineBlock.minecraft.leaves":4,"stat.playOneMinute":31671,"stat.sneakTime":19,"stat.timeSinceDeath":24018,"stat.mineBlock.minecraft.dirt":3,"stat.mineBlock.minecraft.tallgrass":1,"stat.diveOneCm":970}