{"stat.walkOneCm":32170,"stat.leaveGame":6,"stat.damageTaken":115,"stat.pickup.minecraft.log":2,"stat.flyOneCm":32702,"stat.pickup.comforts.sleeping_bag":1,"stat.pickup.minecraft.wheat_seeds":1,"stat.jump":230,"stat.mineBlock.minecraft.leaves":2,"stat.playOneMinute":16993,"stat.fallOneCm":8283,"stat.pickup.minecraft.wool":4,"stat.damageDealt":10,"stat.timeSinceDeath":16993,"stat.pickup.minecraft.sapling":1,"stat.sprintOneCm":33038,"stat.useItem.minecraft.stone_slab2":1,"stat.craftItem.comforts.sleeping_bag":1,"stat.craftingTableInteraction":1}