{"stat.walkOneCm":11849,"stat.leaveGame":6,"stat.craftItem.minecraft.cooked_porkchop":1,"stat.furnaceInteraction":2,"stat.useItem.minecraft.cooked_porkchop":1,"stat.pickup.minecraft.log":1,"stat.jump":87,"stat.swimOneCm":209,"stat.useItem.minecraft.sand":1,"stat.fallOneCm":3971,"stat.useItem.minecraft.planks":2,"stat.sprintOneCm":4695,"stat.pickup.minecraft.sand":3,"stat.craftItem.minecraft.planks":4,"stat.damageTaken":215,"stat.mineBlock.minecraft.log":1,"stat.pickup.minecraft.planks":1,"stat.flyOneCm":3536,"stat.mineBlock.minecraft.planks":1,"stat.mineBlock.minecraft.sand":3,"stat.playOneMinute":6993,"stat.sneakTime":19,"stat.timeSinceDeath":6993}