{"stat.pickup.artifacts.everlasting_rotten_flesh":1,"stat.walkOneCm":68841,"stat.pickup.harvestcraft.baconandeggsitem":3,"stat.leaveGame":18,"stat.craftItem.minecraft.cooked_porkchop":1,"stat.furnaceInteraction":2,"stat.useItem.minecraft.cooked_porkchop":1,"stat.pickup.minecraft.wooden_sword":1,"stat.pickup.minecraft.log":15,"stat.jump":320,"stat.swimOneCm":8998,"stat.useItem.minecraft.sand":1,"stat.useItem.artifacts.everlasting_rotten_flesh":13,"stat.fallOneCm":12266,"stat.useItem.minecraft.planks":2,"stat.pickup.harvestcraft.artichokeitem":2,"stat.pickup.minecraft.ender_pearl":3,"stat.pickup.minecraft.sapling":8,"stat.pickup.minecraft.dirt":5,"stat.useItem.minecraft.dirt":3,"stat.sprintOneCm":69029,"stat.useItem.minecraft.stone_slab2":1,"stat.pickup.minecraft.sand":3,"stat.craftItem.minecraft.planks":4,"stat.pickup.ancientbeasts.bestiary":1,"stat.damageTaken":763,"stat.pickup.harvestcraft.wintersquashitem":2,"stat.mineBlock.minecraft.log":15,"stat.pickup.minecraft.planks":1,"stat.flyOneCm":26973,"stat.mineBlock.minecraft.planks":1,"stat.deaths":1,"stat.useItem.minecraft.ender_pearl":2,"stat.pickup.minecraft.wheat_seeds":1,"stat.mineBlock.minecraft.sand":3,"stat.mineBlock.minecraft.leaves":4,"stat.playOneMinute":48051,"stat.sneakTime":19,"stat.timeSinceDeath":40398,"stat.mineBlock.minecraft.dirt":5,"stat.mineBlock.minecraft.tallgrass":1,"stat.diveOneCm":8279}