{"stat.pickup.minecraft.rotten_flesh":1,"stat.pickup.minecraft.double_plant":1,"stat.walkOneCm":113379,"stat.pickup.minecraft.wooden_slab":2,"stat.craftItem.minecraft.planks":36,"stat.leaveGame":8,"stat.mineBlock.minecraft.log2":4,"stat.pickup.minecraft.crafting_table":1,"stat.damageTaken":185,"stat.mineBlock.minecraft.crafting_table":1,"stat.pickup.minecraft.feather":2,"stat.craftItem.minecraft.crafting_table":1,"stat.pickup.minecraft.cobblestone":2,"stat.mobKills":3,"stat.mineBlock.minecraft.wooden_slab":2,"stat.pickup.minecraft.log2":5,"stat.mineBlock.minecraft.log":26,"stat.pickup.minecraft.log":26,"stat.flyOneCm":33109,"stat.pickup.comforts.sleeping_bag":1,"stat.pickup.minecraft.wheat_seeds":2,"stat.pickup.minecraft.brown_mushroom":1,"stat.jump":544,"stat.mineBlock.minecraft.leaves":5,"stat.pickup.minecraft.egg":2,"stat.playOneMinute":42646,"stat.fallOneCm":14494,"stat.useItem.minecraft.planks":6,"stat.pickup.minecraft.red_flower":1,"stat.sneakTime":521,"stat.pickup.minecraft.wool":4,"stat.damageDealt":280,"stat.pickup.minecraft.porkchop":3,"stat.crouchOneCm":1563,"stat.sleepInBed":1,"stat.timeSinceDeath":42646,"stat.pickup.minecraft.sapling":2,"stat.useItem.minecraft.wooden_axe":41,"stat.pickup.minecraft.dirt":11,"stat.useItem.minecraft.dirt":10,"stat.sprintOneCm":33038,"stat.useItem.minecraft.stone_slab2":4,"stat.killEntity.Pig":2,"stat.craftItem.comforts.sleeping_bag":1,"stat.craftItem.minecraft.stick":4,"stat.craftItem.minecraft.wooden_axe":1,"stat.craftingTableInteraction":3}