{"stat.pickup.artifacts.everlasting_rotten_flesh":1,"stat.walkOneCm":40088,"stat.leaveGame":10,"stat.craftItem.minecraft.cooked_porkchop":1,"stat.furnaceInteraction":2,"stat.useItem.minecraft.cooked_porkchop":1,"stat.pickup.minecraft.wooden_sword":1,"stat.pickup.minecraft.log":1,"stat.jump":215,"stat.swimOneCm":4260,"stat.useItem.minecraft.sand":1,"stat.useItem.artifacts.everlasting_rotten_flesh":6,"stat.fallOneCm":8156,"stat.useItem.minecraft.planks":2,"stat.pickup.minecraft.ender_pearl":3,"stat.sprintOneCm":16706,"stat.pickup.minecraft.sand":3,"stat.craftItem.minecraft.planks":4,"stat.damageTaken":559,"stat.mineBlock.minecraft.log":1,"stat.pickup.minecraft.planks":1,"stat.flyOneCm":9279,"stat.mineBlock.minecraft.planks":1,"stat.deaths":1,"stat.useItem.minecraft.ender_pearl":2,"stat.mineBlock.minecraft.sand":3,"stat.mineBlock.minecraft.leaves":1,"stat.playOneMinute":24427,"stat.sneakTime":19,"stat.timeSinceDeath":16774,"stat.diveOneCm":715}