{"stat.pickup.artifacts.everlasting_rotten_flesh":1,"stat.walkOneCm":70556,"stat.pickup.harvestcraft.baconandeggsitem":3,"stat.leaveGame":19,"stat.craftItem.minecraft.cooked_porkchop":1,"stat.furnaceInteraction":2,"stat.useItem.minecraft.cooked_porkchop":1,"stat.pickup.minecraft.wooden_sword":1,"stat.pickup.minecraft.log":15,"stat.jump":356,"stat.swimOneCm":9941,"stat.useItem.minecraft.sand":1,"stat.useItem.artifacts.everlasting_rotten_flesh":13,"stat.fallOneCm":14181,"stat.useItem.minecraft.planks":2,"stat.pickup.harvestcraft.artichokeitem":2,"stat.pickup.minecraft.ender_pearl":3,"stat.pickup.minecraft.sapling":8,"stat.pickup.minecraft.dirt":5,"stat.useItem.minecraft.dirt":3,"stat.sprintOneCm":78562,"stat.useItem.minecraft.stone_slab2":1,"stat.pickup.minecraft.sand":3,"stat.craftItem.minecraft.planks":4,"stat.pickup.ancientbeasts.bestiary":1,"stat.damageTaken":803,"stat.pickup.harvestcraft.wintersquashitem":2,"stat.mineBlock.minecraft.log":15,"stat.pickup.minecraft.planks":1,"stat.flyOneCm":36157,"stat.mineBlock.minecraft.planks":1,"stat.deaths":1,"stat.useItem.minecraft.ender_pearl":2,"stat.pickup.minecraft.wheat_seeds":1,"stat.mineBlock.minecraft.sand":3,"stat.mineBlock.minecraft.leaves":4,"stat.playOneMinute":52405,"stat.sneakTime":19,"stat.timeSinceDeath":44752,"stat.mineBlock.minecraft.dirt":5,"stat.mineBlock.minecraft.tallgrass":1,"stat.diveOneCm":8366}