{"stat.pickup.artifacts.everlasting_rotten_flesh":1,"stat.walkOneCm":65897,"stat.pickup.harvestcraft.baconandeggsitem":3,"stat.leaveGame":13,"stat.craftItem.minecraft.cooked_porkchop":1,"stat.furnaceInteraction":2,"stat.useItem.minecraft.cooked_porkchop":1,"stat.pickup.minecraft.wooden_sword":1,"stat.pickup.minecraft.log":15,"stat.jump":302,"stat.swimOneCm":8545,"stat.useItem.minecraft.sand":1,"stat.useItem.artifacts.everlasting_rotten_flesh":13,"stat.fallOneCm":11031,"stat.useItem.minecraft.planks":2,"stat.pickup.minecraft.ender_pearl":3,"stat.pickup.minecraft.sapling":8,"stat.pickup.minecraft.dirt":5,"stat.useItem.minecraft.dirt":3,"stat.sprintOneCm":56347,"stat.useItem.minecraft.stone_slab2":1,"stat.pickup.minecraft.sand":3,"stat.craftItem.minecraft.planks":4,"stat.damageTaken":723,"stat.mineBlock.minecraft.log":15,"stat.pickup.minecraft.planks":1,"stat.flyOneCm":24352,"stat.mineBlock.minecraft.planks":1,"stat.deaths":1,"stat.useItem.minecraft.ender_pearl":2,"stat.pickup.minecraft.wheat_seeds":1,"stat.mineBlock.minecraft.sand":3,"stat.mineBlock.minecraft.leaves":4,"stat.playOneMinute":39956,"stat.sneakTime":19,"stat.timeSinceDeath":32303,"stat.mineBlock.minecraft.dirt":5,"stat.mineBlock.minecraft.tallgrass":1,"stat.diveOneCm":6957}