{"stat.pickup.tconstruct.tooltables":1,"stat.leaveGame":4,"stat.craftItem.minecraft.cooked_porkchop":13,"stat.jump":391,"stat.swimOneCm":441,"stat.pickup.minecraft.coal":67,"stat.fallOneCm":8653,"stat.climbOneCm":36,"stat.useItem.minecraft.stone_axe":11,"stat.craftItem.minecraft.torch":100,"stat.useItem.minecraft.stone_slab2":2,"stat.craftItem.comforts.sleeping_bag":1,"stat.craftingTableInteraction":2,"stat.pickup.minecraft.iron_ore":32,"stat.mineBlock.tconstruct.tooltables":1,"stat.craftItem.minecraft.stone_axe":1,"stat.mineBlock.minecraft.leaves2":2,"stat.mineBlock.minecraft.log2":7,"stat.damageTaken":20,"stat.craftItem.minecraft.stone_pickaxe":1,"stat.mineBlock.minecraft.furnace":2,"stat.useItem.minecraft.wooden_pickaxe":22,"stat.pickup.minecraft.cobblestone":30,"stat.pickup.minecraft.log2":3,"stat.craftItem.minecraft.stone_sword":1,"stat.flyOneCm":72041,"stat.pickup.minecraft.bed":1,"stat.useItem.minecraft.stone_pickaxe":116,"stat.useItem.minecraft.stone_sword":1,"stat.mineBlock.minecraft.iron_ore":33,"stat.timeSinceDeath":27010,"stat.craftItem.minecraft.wooden_pickaxe":1,"stat.walkOneCm":47383,"stat.useItem.minecraft.torch":6,"stat.pickup.minecraft.crafting_table":2,"stat.craftItem.minecraft.crafting_table":1,"stat.furnaceInteraction":6,"stat.useItem.minecraft.cooked_porkchop":2,"stat.mineBlock.minecraft.coal_ore":69,"stat.pickup.minecraft.log":8,"stat.pickup.minecraft.furnace":2,"stat.craftItem.minecraft.stone_slab2":0,"stat.mineBlock.minecraft.wool":22,"stat.pickup.minecraft.sapling":1,"stat.sprintOneCm":48230,"stat.craftItem.minecraft.stick":32,"stat.craftItem.minecraft.planks":32,"stat.mineBlock.minecraft.crafting_table":2,"stat.mineBlock.minecraft.log":8,"stat.mineBlock.minecraft.leaves":1,"stat.playOneMinute":27010,"stat.pickup.minecraft.wool":22,"stat.mineBlock.minecraft.stone":33,"stat.mineBlock.minecraft.tallgrass":1}