{"stat.pickup.tconstruct.tooltables":1,"stat.leaveGame":5,"stat.craftItem.minecraft.cooked_porkchop":19,"stat.drop.minecraft.cooked_porkchop":7,"stat.jump":592,"stat.swimOneCm":441,"stat.pickup.minecraft.coal":67,"stat.fallOneCm":13399,"stat.climbOneCm":36,"stat.useItem.minecraft.planks":19,"stat.useItem.minecraft.stone_axe":19,"stat.pickup.minecraft.porkchop":6,"stat.craftItem.minecraft.torch":100,"stat.pickup.minecraft.dirt":5,"stat.useItem.minecraft.stone_slab2":4,"stat.craftItem.comforts.sleeping_bag":1,"stat.craftingTableInteraction":2,"stat.pickup.minecraft.iron_ore":42,"stat.mineBlock.tconstruct.tooltables":1,"stat.craftItem.minecraft.stone_axe":1,"stat.mineBlock.minecraft.leaves2":2,"stat.mineBlock.minecraft.log2":7,"stat.damageTaken":160,"stat.craftItem.minecraft.stone_pickaxe":1,"stat.mineBlock.minecraft.furnace":2,"stat.useItem.minecraft.wooden_pickaxe":22,"stat.pickup.minecraft.cobblestone":34,"stat.pickup.minecraft.log2":3,"stat.craftItem.minecraft.stone_sword":1,"stat.flyOneCm":114836,"stat.pickup.minecraft.bed":1,"stat.useItem.minecraft.stone_pickaxe":130,"stat.useItem.minecraft.stone_sword":1,"stat.damageDealt":190,"stat.mineBlock.minecraft.iron_ore":43,"stat.timeSinceDeath":34799,"stat.mineBlock.minecraft.dirt":5,"stat.craftItem.minecraft.wooden_pickaxe":1,"stat.killEntity.Pig":3,"stat.walkOneCm":69784,"stat.useItem.minecraft.torch":6,"stat.pickup.minecraft.crafting_table":2,"stat.craftItem.minecraft.crafting_table":1,"stat.furnaceInteraction":9,"stat.useItem.minecraft.cooked_porkchop":5,"stat.mineBlock.minecraft.coal_ore":69,"stat.pickup.minecraft.log":8,"stat.pickup.minecraft.furnace":2,"stat.craftItem.minecraft.stone_slab2":0,"stat.mineBlock.minecraft.wool":22,"stat.pickup.minecraft.sapling":1,"stat.sprintOneCm":77222,"stat.craftItem.minecraft.stick":32,"stat.craftItem.minecraft.planks":180,"stat.mineBlock.minecraft.crafting_table":2,"stat.mobKills":3,"stat.mineBlock.minecraft.log":8,"stat.drop":7,"stat.mineBlock.minecraft.leaves":1,"stat.playOneMinute":34799,"stat.pickup.minecraft.wool":22,"stat.mineBlock.minecraft.stone":37,"stat.mineBlock.minecraft.tallgrass":1}