{"stat.cakeSlicesEaten":3,"stat.pickup.minecraft.bone":4,"stat.pickup.minecraft.wooden_slab":1,"stat.useItem.minecraft.iron_axe":257,"stat.leaveGame":35,"stat.mineBlock.minecraft.cobblestone":1,"stat.mineBlock.minecraft.yellow_flower":1,"stat.craftItem.minecraft.iron_axe":2,"stat.mineBlock.basemetals.copper_ore":8,"stat.craftItem.endreborn.tool_hammer_iron":1,"stat.pickup.basemetals.lead_ore":6,"stat.swimOneCm":73561,"stat.useItem.minecraft.planks":312,"stat.climbOneCm":5497,"stat.craftItem.minecraft.shield":1,"stat.mineBlock.minecraft.web":1,"stat.pickup.minecraft.porkchop":93,"stat.useItem.minecraft.dirt":182,"stat.useItem.minecraft.stone_slab2":43,"stat.pickup.minecraft.rotten_flesh":7,"stat.craftItem.harvestcraft.baconandeggsitem":16,"stat.pickup.minecraft.sand":62,"stat.craftItem.minecraft.furnace":2,"stat.pickup.minecraft.brick_block":74,"stat.useItem.minecraft.egg":2,"stat.craftItem.minecraft.stone_axe":1,"stat.craftItem.minecraft.iron_boots":1,"stat.craftItem.minecraft.stone_pickaxe":1,"stat.pickup.minecraft.cobblestone":104,"stat.mineBlock.minecraft.wooden_slab":1,"stat.craftItem.minecraft.stone_sword":1,"stat.useItem.minecraft.brick_block":1,"stat.flyOneCm":1242871,"stat.craftItem.minecraft.iron_shovel":2,"stat.mineBlock.minecraft.sand":62,"stat.pickup.spartanweaponry.dagger_stone":4,"stat.craftItem.minecraft.wooden_slab":126,"stat.pickup.minecraft.redstone":2,"stat.mineBlock.minecraft.iron_ore":73,"stat.timeSinceDeath":277858,"stat.useItem.minecraft.iron_pickaxe":311,"stat.drop.minecraft.diamond":1,"stat.craftItem.minecraft.wooden_pickaxe":2,"stat.useItem.minecraft.wooden_slab":108,"stat.pickup.minecraft.mutton":1,"stat.useItem.minecraft.iron_shovel":465,"stat.mineBlock.minecraft.brick_block":74,"stat.pickup.harvestcraft.rhubarbitem":1,"stat.craftItem.minecraft.bed":1,"stat.craftItem.harvestcraft.skilletitem":1,"stat.pickup.minecraft.wooden_axe":1,"stat.furnaceInteraction":70,"stat.pickup.harvestcraft.hardenedleatherbootsitem":1,"stat.useItem.minecraft.cooked_porkchop":77,"stat.killEntity.ZombieVillager":1,"stat.mineBlock.minecraft.coal_ore":102,"stat.pickup.minecraft.string":3,"stat.pickup.spartanweaponry.material":1,"stat.pickup.minecraft.beef":1,"stat.pickup.minecraft.furnace":2,"stat.craftItem.minecraft.stone_slab2":0,"stat.sprintOneCm":684351,"stat.drop.harvestcraft.baconandeggsitem":26,"stat.useItem.minecraft.fence":21,"stat.craftItem.minecraft.stick":100,"stat.craftItem.minecraft.wooden_axe":1,"stat.drop.harvestcraft.zucchiniitem":1,"stat.mineBlock.minecraft.fence":5,"stat.pickup.harvestcraft.barleyitem":2,"stat.mineBlock.harvestcraft.pamapple":24,"stat.mineBlock.minecraft.crafting_table":5,"stat.mineBlock.minecraft.brick_stairs":1,"stat.pickup.harvestcraft.hardenedleatherleggingsitem":1,"stat.pickup.basemetals.copper_ore":8,"stat.entityKilledBy.Creeper":1,"stat.pickup.harvestcraft.hardenedleatherchestitem":1,"stat.craftItem.minecraft.dark_oak_boat":1,"stat.deaths":5,"stat.mineBlock.minecraft.planks":6,"stat.drop":19,"stat.pickup.minecraft.egg":4,"stat.playOneMinute":318916,"stat.killEntity.Sheep":1,"stat.craftItem.minecraft.iron_pickaxe":2,"stat.killEntity.Zombie":5,"stat.mineBlock.minecraft.tallgrass":72,"stat.diveOneCm":124709,"stat.pickup.bountifulbaubles.potionwormhole":4,"stat.chestOpened":67,"stat.pickup.minecraft.gravel":5,"stat.pickup.minecraft.arrow":5,"stat.craftItem.minecraft.cooked_porkchop":77,"stat.useItem.minecraft.apple":12,"stat.useItem.minecraft.porkchop":7,"stat.pickup.harvestcraft.chilipepperitem":1,"stat.useItem.minecraft.rotten_flesh":26,"stat.pickup.minecraft.brick_stairs":1,"stat.craftItem.minecraft.iron_hoe":1,"stat.jump":5930,"stat.pickup.minecraft.fence":5,"stat.pickup.minecraft.coal":102,"stat.fallOneCm":168446,"stat.pickup.minecraft.carrot":132,"stat.pickup.harvestcraft.candleberryitem":1,"stat.useItem.minecraft.stone_axe":97,"stat.crouchOneCm":18985,"stat.useItem.harvestcraft.chilipepperitem":1,"stat.mineBlock.harvestcraft.shadedgarden":2,"stat.pickup.minecraft.spider_eye":1,"stat.craftItem.minecraft.iron_ingot":68,"stat.craftItem.minecraft.torch":108,"stat.craftItem.minecraft.chest":6,"stat.pickup.minecraft.dirt":425,"stat.craftItem.minecraft.iron_helmet":1,"stat.useItem.minecraft.iron_hoe":1,"stat.useItem.minecraft.cooked_chicken":10,"stat.craftingTableInteraction":134,"stat.pickup.minecraft.iron_ore":76,"stat.mineBlock.minecraft.leaves2":1,"stat.pickup.minecraft.wooden_pickaxe":1,"stat.mineBlock.minecraft.log2":95,"stat.damageTaken":3921,"stat.pickup.minecraft.feather":8,"stat.mineBlock.minecraft.furnace":2,"stat.mineBlock.minecraft.torch":16,"stat.mineBlock.minecraft.red_flower":1,"stat.useItem.minecraft.wooden_pickaxe":42,"stat.pickup.minecraft.log2":96,"stat.pickup.minecraft.planks":30,"stat.pickup.minecraft.wheat_seeds":20,"stat.entityKilledBy.Zombie":3,"stat.mineBlock.minecraft.gravel":5,"stat.useItem.minecraft.stone_pickaxe":24,"stat.craftItem.minecraft.iron_leggings":1,"stat.damageDealt":7259,"stat.craftItem.minecraft.glass":3,"stat.sleepInBed":11,"stat.killEntity.Cow":1,"stat.mineBlock.minecraft.dirt":393,"stat.killEntity.Pig":49,"stat.pickup.harvestcraft.elderberryitem":4,"stat.craftItem.minecraft.iron_sword":1,"stat.pickup.artifacts.shiny_red_balloon":1,"stat.craftItem.minecraft.leather":9,"stat.walkOneCm":752170,"stat.useItem.minecraft.torch":37,"stat.useItem.spartanweaponry.dagger_stone":37,"stat.useItem.minecraft.chest":4,"stat.pickup.harvestcraft.baconandeggsitem":14,"stat.pickup.minecraft.crafting_table":5,"stat.useItem.minecraft.log":37,"stat.useItem.minecraft.cobblestone":26,"stat.craftItem.minecraft.crafting_table":2,"stat.pickup.minecraft.log":142,"stat.useItem.harvestcraft.baconandeggsitem":23,"stat.pickup.minecraft.stone":5,"stat.craftItem.minecraft.iron_chestplate":1,"stat.pickup.minecraft.chicken":10,"stat.pickup.harvestcraft.zucchiniitem":1,"stat.pickup.minecraft.sapling":6,"stat.pickup.minecraft.apple":30,"stat.killEntity.Skeleton":3,"stat.craftItem.minecraft.planks":640,"stat.useItem.minecraft.iron_sword":69,"stat.killEntity.Chicken":11,"stat.killEntity.Spider":1,"stat.mobKills":72,"stat.pickup.harvestcraft.hardenedleatherhelmitem":1,"stat.mineBlock.minecraft.log":131,"stat.mineBlock.basemetals.lead_ore":6,"stat.craftItem.minecraft.fence":18,"stat.craftItem.minecraft.cooked_chicken":10,"stat.drop.harvestcraft.rhubarbitem":1,"stat.useItem.carryon.entity_item":8,"stat.useItem.harvestcraft.elderberryitem":4,"stat.pickup.minecraft.diamond":1,"stat.mineBlock.minecraft.leaves":18,"stat.pickup.minecraft.torch":18,"stat.sneakTime":4726,"stat.pickup.minecraft.wool":1,"stat.useItem.minecraft.wooden_axe":21,"stat.pickup.minecraft.yellow_flower":1,"stat.craftItem.minecraft.brick":28,"stat.mineBlock.minecraft.stone":103}