{"stat.walkOneCm":22302,"stat.leaveGame":2,"stat.pickup.minecraft.crafting_table":2,"stat.craftItem.minecraft.crafting_table":1,"stat.mineBlock.minecraft.coal_ore":50,"stat.pickup.minecraft.log":8,"stat.jump":119,"stat.swimOneCm":441,"stat.pickup.minecraft.coal":48,"stat.fallOneCm":2566,"stat.climbOneCm":36,"stat.useItem.minecraft.stone_axe":1,"stat.mineBlock.minecraft.wool":22,"stat.sprintOneCm":14920,"stat.useItem.minecraft.stone_slab2":2,"stat.craftItem.comforts.sleeping_bag":1,"stat.craftItem.minecraft.stick":8,"stat.craftingTableInteraction":2,"stat.pickup.minecraft.iron_ore":1,"stat.craftItem.minecraft.planks":32,"stat.craftItem.minecraft.stone_axe":1,"stat.mineBlock.minecraft.crafting_table":2,"stat.craftItem.minecraft.stone_pickaxe":1,"stat.useItem.minecraft.wooden_pickaxe":22,"stat.pickup.minecraft.cobblestone":23,"stat.mineBlock.minecraft.log":8,"stat.craftItem.minecraft.stone_sword":1,"stat.flyOneCm":21549,"stat.pickup.minecraft.bed":1,"stat.playOneMinute":13852,"stat.useItem.minecraft.stone_pickaxe":57,"stat.pickup.minecraft.wool":22,"stat.mineBlock.minecraft.iron_ore":2,"stat.timeSinceDeath":13852,"stat.craftItem.minecraft.wooden_pickaxe":1,"stat.mineBlock.minecraft.stone":26,"stat.mineBlock.minecraft.tallgrass":1}