{"stat.pickup.tconstruct.tooltables":1,"stat.walkOneCm":42404,"stat.useItem.minecraft.torch":6,"stat.leaveGame":4,"stat.pickup.minecraft.crafting_table":2,"stat.craftItem.minecraft.crafting_table":1,"stat.mineBlock.minecraft.coal_ore":69,"stat.pickup.minecraft.log":8,"stat.jump":352,"stat.swimOneCm":441,"stat.pickup.minecraft.coal":67,"stat.fallOneCm":7620,"stat.climbOneCm":36,"stat.pickup.minecraft.furnace":1,"stat.useItem.minecraft.stone_axe":2,"stat.mineBlock.minecraft.wool":22,"stat.craftItem.minecraft.torch":100,"stat.sprintOneCm":44424,"stat.useItem.minecraft.stone_slab2":2,"stat.craftItem.comforts.sleeping_bag":1,"stat.craftItem.minecraft.stick":32,"stat.craftingTableInteraction":2,"stat.pickup.minecraft.iron_ore":32,"stat.craftItem.minecraft.planks":32,"stat.mineBlock.tconstruct.tooltables":1,"stat.craftItem.minecraft.stone_axe":1,"stat.mineBlock.minecraft.crafting_table":2,"stat.craftItem.minecraft.stone_pickaxe":1,"stat.mineBlock.minecraft.furnace":1,"stat.useItem.minecraft.wooden_pickaxe":22,"stat.pickup.minecraft.cobblestone":30,"stat.mineBlock.minecraft.log":8,"stat.craftItem.minecraft.stone_sword":1,"stat.flyOneCm":67390,"stat.pickup.minecraft.bed":1,"stat.playOneMinute":24909,"stat.useItem.minecraft.stone_pickaxe":115,"stat.pickup.minecraft.wool":22,"stat.mineBlock.minecraft.iron_ore":33,"stat.timeSinceDeath":24909,"stat.craftItem.minecraft.wooden_pickaxe":1,"stat.mineBlock.minecraft.stone":33,"stat.mineBlock.minecraft.tallgrass":1}