{"stat.cakeSlicesEaten":3,"stat.pickup.minecraft.bone":4,"stat.useItem.minecraft.iron_axe":230,"stat.leaveGame":32,"stat.mineBlock.minecraft.cobblestone":1,"stat.mineBlock.minecraft.yellow_flower":1,"stat.craftItem.minecraft.iron_axe":1,"stat.mineBlock.basemetals.copper_ore":8,"stat.pickup.basemetals.lead_ore":6,"stat.swimOneCm":49657,"stat.useItem.minecraft.planks":40,"stat.climbOneCm":5497,"stat.craftItem.minecraft.shield":1,"stat.mineBlock.minecraft.web":1,"stat.pickup.minecraft.porkchop":93,"stat.useItem.minecraft.dirt":134,"stat.useItem.minecraft.stone_slab2":23,"stat.pickup.minecraft.rotten_flesh":5,"stat.craftItem.minecraft.furnace":1,"stat.pickup.minecraft.brick_block":2,"stat.useItem.minecraft.egg":2,"stat.craftItem.minecraft.stone_axe":1,"stat.craftItem.minecraft.iron_boots":1,"stat.craftItem.minecraft.stone_pickaxe":1,"stat.pickup.minecraft.cobblestone":104,"stat.craftItem.minecraft.stone_sword":1,"stat.useItem.minecraft.brick_block":1,"stat.flyOneCm":662498,"stat.craftItem.minecraft.iron_shovel":1,"stat.pickup.spartanweaponry.dagger_stone":4,"stat.pickup.minecraft.redstone":2,"stat.mineBlock.minecraft.iron_ore":73,"stat.timeSinceDeath":167238,"stat.useItem.minecraft.iron_pickaxe":237,"stat.craftItem.minecraft.wooden_pickaxe":2,"stat.pickup.minecraft.mutton":1,"stat.useItem.minecraft.iron_shovel":134,"stat.mineBlock.minecraft.brick_block":2,"stat.pickup.harvestcraft.rhubarbitem":1,"stat.craftItem.minecraft.bed":1,"stat.pickup.minecraft.wooden_axe":1,"stat.furnaceInteraction":66,"stat.useItem.minecraft.cooked_porkchop":77,"stat.killEntity.ZombieVillager":1,"stat.mineBlock.minecraft.coal_ore":102,"stat.pickup.minecraft.string":1,"stat.pickup.spartanweaponry.material":1,"stat.pickup.minecraft.beef":1,"stat.pickup.minecraft.furnace":2,"stat.craftItem.minecraft.stone_slab2":0,"stat.sprintOneCm":421527,"stat.craftItem.minecraft.stick":52,"stat.craftItem.minecraft.wooden_axe":1,"stat.drop.harvestcraft.zucchiniitem":1,"stat.pickup.harvestcraft.barleyitem":2,"stat.mineBlock.harvestcraft.pamapple":14,"stat.mineBlock.minecraft.crafting_table":4,"stat.pickup.basemetals.copper_ore":8,"stat.entityKilledBy.Creeper":1,"stat.craftItem.minecraft.dark_oak_boat":1,"stat.deaths":5,"stat.mineBlock.minecraft.planks":2,"stat.drop":2,"stat.pickup.minecraft.egg":4,"stat.playOneMinute":208296,"stat.killEntity.Sheep":1,"stat.craftItem.minecraft.iron_pickaxe":2,"stat.killEntity.Zombie":5,"stat.mineBlock.minecraft.tallgrass":53,"stat.diveOneCm":84344,"stat.pickup.bountifulbaubles.potionwormhole":4,"stat.chestOpened":39,"stat.pickup.minecraft.gravel":5,"stat.pickup.minecraft.arrow":5,"stat.craftItem.minecraft.cooked_porkchop":77,"stat.useItem.minecraft.porkchop":7,"stat.pickup.harvestcraft.chilipepperitem":1,"stat.useItem.minecraft.rotten_flesh":6,"stat.jump":3647,"stat.pickup.minecraft.coal":102,"stat.fallOneCm":107242,"stat.pickup.minecraft.carrot":132,"stat.useItem.minecraft.stone_axe":97,"stat.crouchOneCm":4145,"stat.useItem.harvestcraft.chilipepperitem":1,"stat.mineBlock.harvestcraft.shadedgarden":2,"stat.craftItem.minecraft.iron_ingot":68,"stat.craftItem.minecraft.torch":108,"stat.craftItem.minecraft.chest":6,"stat.pickup.minecraft.dirt":157,"stat.craftItem.minecraft.iron_helmet":1,"stat.useItem.minecraft.cooked_chicken":10,"stat.craftingTableInteraction":117,"stat.pickup.minecraft.iron_ore":76,"stat.mineBlock.minecraft.leaves2":1,"stat.pickup.minecraft.wooden_pickaxe":1,"stat.mineBlock.minecraft.log2":95,"stat.damageTaken":3287,"stat.pickup.minecraft.feather":8,"stat.mineBlock.minecraft.furnace":2,"stat.mineBlock.minecraft.torch":16,"stat.useItem.minecraft.wooden_pickaxe":42,"stat.pickup.minecraft.log2":96,"stat.pickup.minecraft.planks":26,"stat.pickup.minecraft.wheat_seeds":8,"stat.entityKilledBy.Zombie":3,"stat.mineBlock.minecraft.gravel":5,"stat.useItem.minecraft.stone_pickaxe":24,"stat.craftItem.minecraft.iron_leggings":1,"stat.damageDealt":6925,"stat.sleepInBed":5,"stat.killEntity.Cow":1,"stat.mineBlock.minecraft.dirt":135,"stat.killEntity.Pig":48,"stat.pickup.harvestcraft.elderberryitem":4,"stat.craftItem.minecraft.iron_sword":1,"stat.pickup.artifacts.shiny_red_balloon":1,"stat.craftItem.minecraft.leather":1,"stat.walkOneCm":498476,"stat.useItem.minecraft.torch":37,"stat.useItem.spartanweaponry.dagger_stone":37,"stat.useItem.minecraft.chest":4,"stat.pickup.minecraft.crafting_table":4,"stat.useItem.minecraft.log":37,"stat.useItem.minecraft.cobblestone":26,"stat.craftItem.minecraft.crafting_table":1,"stat.pickup.minecraft.log":138,"stat.useItem.harvestcraft.baconandeggsitem":7,"stat.pickup.minecraft.stone":5,"stat.craftItem.minecraft.iron_chestplate":1,"stat.pickup.minecraft.chicken":10,"stat.pickup.harvestcraft.zucchiniitem":1,"stat.pickup.minecraft.sapling":5,"stat.pickup.minecraft.apple":12,"stat.killEntity.Skeleton":3,"stat.craftItem.minecraft.planks":224,"stat.useItem.minecraft.iron_sword":64,"stat.killEntity.Chicken":10,"stat.mobKills":69,"stat.mineBlock.minecraft.log":127,"stat.mineBlock.basemetals.lead_ore":6,"stat.craftItem.minecraft.cooked_chicken":10,"stat.drop.harvestcraft.rhubarbitem":1,"stat.useItem.harvestcraft.elderberryitem":4,"stat.mineBlock.minecraft.leaves":16,"stat.pickup.minecraft.torch":17,"stat.sneakTime":1144,"stat.pickup.minecraft.wool":1,"stat.useItem.minecraft.wooden_axe":21,"stat.pickup.minecraft.yellow_flower":1,"stat.craftItem.minecraft.brick":16,"stat.mineBlock.minecraft.stone":103}