{"stat.pickup.minecraft.wooden_slab":19,"stat.leaveGame":55,"stat.craftItem.minecraft.iron_axe":3,"stat.mineBlock.basemetals.copper_ore":9,"stat.useItem.basemetals.tin_pickaxe":64,"stat.mineBlock.minecraft.sandstone":66,"stat.pickup.basemetals.tin_ore":11,"stat.useItem.minecraft.planks":25,"stat.craftItem.minecraft.shield":1,"stat.craftItem.minecraft.stone_pressure_plate":1,"stat.pickup.minecraft.porkchop":31,"stat.pickup.minecraft.glass":26,"stat.pickup.minecraft.rotten_flesh":60,"stat.pickup.minecraft.sand":440,"stat.craftItem.minecraft.stone_axe":3,"stat.pickup.harvestcraft.sweetpotatoitem":7,"stat.useItem.minecraft.birch_boat":1,"stat.craftItem.spartanweaponry.boomerang_stone":1,"stat.mineBlock.minecraft.wooden_slab":14,"stat.craftItem.minecraft.cobblestone_wall":6,"stat.useItem.spartanweaponry.boomerang_stone":18,"stat.pickup.harvestcraft.radishitem":3,"stat.craftItem.minecraft.iron_shovel":3,"stat.mineBlock.minecraft.sand":362,"stat.pickup.harvestcraft.scallionitem":1,"stat.useItem.securitycraft.keypad_chest":1,"stat.useItem.minecraft.iron_pickaxe":1633,"stat.craftItem.minecraft.wooden_pickaxe":1,"stat.craftItem.minecraft.iron_door":3,"stat.useItem.minecraft.iron_shovel":602,"stat.pickup.harvestcraft.rhubarbitem":5,"stat.pickup.securitycraft.laser_block":1,"stat.craftItem.minecraft.glass_pane":96,"stat.pickup.spartanshields.shield_tower_wood":1,"stat.pickup.harvestcraft.onionitem":1,"stat.furnaceInteraction":132,"stat.killEntity.ZombieVillager":2,"stat.useItem.harvestcraft.leekitem":2,"stat.pickup.harvestcraft.turnipitem":3,"stat.pickup.basemetals.zinc_ore":2,"stat.pickup.minecraft.beef":3,"stat.useItem.minecraft.cooked_mutton":5,"stat.pickup.minecraft.furnace":10,"stat.mineBlock.harvestcraft.windygarden":7,"stat.useItem.harvestcraft.blackberryitem":3,"stat.craftItem.securitycraft.laser_block":2,"stat.useItem.tetra.duplex_tool_modular":351,"stat.pickup.basemetals.copper_ore":9,"stat.craftItem.minecraft.heavy_weighted_pressure_plate":2,"stat.deaths":9,"stat.pickup.minecraft.egg":5,"stat.playOneMinute":740596,"stat.mineBlock.minecraft.stone_pressure_plate":1,"stat.craftItem.minecraft.iron_pickaxe":6,"stat.craftItem.securitycraft.keypad_item":2,"stat.mineBlock.minecraft.tallgrass":32,"stat.craftItem.minecraft.cooked_mutton":5,"stat.chestOpened":123,"stat.pickup.minecraft.pumpkin":1,"stat.pickup.harvestcraft.tomatoitem":4,"stat.useItem.minecraft.stone":83,"stat.pickup.minecraft.arrow":12,"stat.pickup.minecraft.waterlily":1,"stat.pickup.securitycraft.keypad_frame":1,"stat.pickup.securitycraft.door_indestructible_iron_item":4,"stat.craftItem.basemetals.copper_ingot":9,"stat.drop.minecraft.iron_pickaxe":2,"stat.fallOneCm":80439,"stat.pickup.minecraft.carrot":1,"stat.pickup.basemetals.silver_ore":5,"stat.crouchOneCm":62867,"stat.pickup.artifacts.pocket_piston":2,"stat.mineBlock.minecraft.chest":2,"stat.craftItem.minecraft.iron_ingot":171,"stat.craftItem.minecraft.chest":7,"stat.pickup.harvestcraft.walnutitem":4,"stat.craftingTableInteraction":103,"stat.pickup.securitycraft.keypad_chest":2,"stat.mineBlock.minecraft.log2":8,"stat.pickup.minecraft.feather":4,"stat.useItem.minecraft.furnace":11,"stat.pickup.minecraft.birch_boat":1,"stat.pickup.minecraft.planks":104,"stat.pickup.minecraft.wheat_seeds":4,"stat.mineBlock.minecraft.gravel":21,"stat.useItem.minecraft.stone_pickaxe":149,"stat.craftItem.minecraft.iron_leggings":1,"stat.mineBlock.basemetals.silver_ore":5,"stat.mineBlock.minecraft.dirt":460,"stat.useItem.minecraft.torch":70,"stat.useItem.minecraft.bread":1,"stat.useItem.spartanweaponry.dagger_stone":3,"stat.pickup.tetra.duplex_tool_modular":1,"stat.craftItem.minecraft.redstone_block":2,"stat.drop.minecraft.rotten_flesh":7,"stat.pickup.minecraft.crafting_table":5,"stat.useItem.minecraft.log":16,"stat.useItem.minecraft.cobblestone":388,"stat.craftItem.minecraft.crafting_table":6,"stat.useItem.minecraft.gravel":1,"stat.mineBlock.minecraft.double_plant":1,"stat.craftItem.minecraft.boat":2,"stat.pickup.basemetals.mercury_ore":1,"stat.pickup.minecraft.log":178,"stat.pickup.harvestcraft.hazelnutitem":4,"stat.pickup.minecraft.iron_pickaxe":2,"stat.craftItem.minecraft.stone_button":17,"stat.craftItem.minecraft.gold_ingot":6,"stat.pickup.minecraft.chicken":5,"stat.pickup.minecraft.sapling":18,"stat.pickup.minecraft.apple":10,"stat.useItem.minecraft.glass_pane":66,"stat.craftItem.securitycraft.door_indestructible_iron_item":3,"stat.craftItem.spartanshields.shield_tower_wood":2,"stat.pickup.harvestcraft.parsnipitem":4,"stat.craftItem.minecraft.planks":456,"stat.useItem.minecraft.iron_sword":100,"stat.useItem.securitycraft.universal_block_remover":11,"stat.mineBlock.minecraft.log":166,"stat.craftItem.minecraft.cooked_chicken":2,"stat.mineBlock.minecraft.waterlily":1,"stat.mineBlock.basemetals.zinc_ore":2,"stat.craftItem.minecraft.paper":12,"stat.pickup.harvestcraft.juteitem":7,"stat.pickup.minecraft.red_flower":3,"stat.sneakTime":23750,"stat.pickup.harvestcraft.tealeafitem":8,"stat.pickup.minecraft.wool":7,"stat.pickup.minecraft.stone_slab":5,"stat.useItem.minecraft.wooden_axe":4,"stat.pickup.minecraft.chest":2,"stat.pickup.minecraft.bone":15,"stat.pickup.minecraft.stone_pressure_plate":1,"stat.useItem.minecraft.iron_axe":375,"stat.mineBlock.minecraft.cobblestone":79,"stat.mineBlock.minecraft.pumpkin":2,"stat.pickup.minecraft.flint":2,"stat.entityKilledBy.Witch":1,"stat.useItem.harvestcraft.tealeafitem":4,"stat.pickup.basemetals.lead_ore":5,"stat.swimOneCm":127641,"stat.climbOneCm":43129,"stat.pickup.harvestcraft.artichokeitem":1,"stat.drop.minecraft.cobblestone":1,"stat.useItem.minecraft.dirt":267,"stat.useItem.harvestcraft.tomatoitem":4,"stat.useItem.minecraft.stone_slab2":90,"stat.pickup.minecraft.bow":1,"stat.craftItem.minecraft.furnace":12,"stat.craftItem.basemetals.tin_ingot":10,"stat.killEntity.artifacts.mimic":1,"stat.useItem.minecraft.egg":2,"stat.craftItem.minecraft.iron_boots":1,"stat.craftItem.minecraft.stone_pickaxe":1,"stat.craftItem.minecraft.cooked_beef":3,"stat.pickup.minecraft.cobblestone":1467,"stat.useItem.minecraft.stone_shovel":131,"stat.flyOneCm":588678,"stat.pickup.minecraft.sandstone":65,"stat.useItem.minecraft.cooked_beef":3,"stat.craftItem.minecraft.wooden_slab":144,"stat.pickup.harvestcraft.leekitem":2,"stat.pickup.minecraft.redstone":177,"stat.mineBlock.minecraft.iron_ore":221,"stat.timeSinceDeath":94833,"stat.useItem.minecraft.wooden_slab":154,"stat.pickup.minecraft.mutton":13,"stat.pickup.harvestcraft.whitemushroomitem":2,"stat.pickup.travelersbackpack.travelers_backpack":4,"stat.pickup.harvestcraft.beanitem":4,"stat.pickup.securitycraft.keypad":3,"stat.pickup.minecraft.wooden_axe":1,"stat.useItem.minecraft.cooked_porkchop":17,"stat.drop.spartanshields.shield_tower_wood":1,"stat.mineBlock.basemetals.mercury_ore":1,"stat.mineBlock.minecraft.coal_ore":272,"stat.pickup.minecraft.string":6,"stat.pickup.comforts.sleeping_bag":2,"stat.mineBlock.minecraft.ladder":8,"stat.entityKilledBy.Skeleton":2,"stat.craftItem.minecraft.stone_slab2":0,"stat.sprintOneCm":615091,"stat.mineBlock.minecraft.stone_slab":5,"stat.craftItem.minecraft.stick":200,"stat.craftItem.minecraft.wooden_axe":1,"stat.mineBlock.harvestcraft.pamwalnut":3,"stat.useItem.minecraft.stone_slab":6,"stat.craftItem.minecraft.stone":114,"stat.mineBlock.minecraft.diamond_ore":14,"stat.mineBlock.harvestcraft.pamapple":10,"stat.pickup.harvestcraft.barleyitem":3,"stat.mineBlock.minecraft.crafting_table":5,"stat.mineBlock.minecraft.planks":6,"stat.pickup.tetra.geode":1,"stat.drop":12,"stat.pickup.minecraft.stone_button":3,"stat.killEntity.Sheep":7,"stat.useItem.minecraft.ladder":64,"stat.useItem.securitycraft.keypad_frame":2,"stat.craftItem.minecraft.diamond_pickaxe":1,"stat.killEntity.Zombie":25,"stat.craftItem.securitycraft.universal_block_remover":1,"stat.mineBlock.minecraft.gold_ore":23,"stat.diveOneCm":111223,"stat.pickup.harvestcraft.garlicitem":3,"stat.pickup.minecraft.wheat":2,"stat.mineBlock.basemetals.tin_ore":11,"stat.craftItem.minecraft.ladder":39,"stat.craftItem.basemetals.tin_pickaxe":2,"stat.mineBlock.minecraft.stone_button":3,"stat.pickup.minecraft.gravel":30,"stat.craftItem.minecraft.cooked_porkchop":17,"stat.drop.minecraft.ladder":1,"stat.pickup.minecraft.stone_axe":1,"stat.pickup.bountifulbaubles.trinketluckyhorseshoe":1,"stat.useItem.minecraft.apple":6,"stat.useItem.minecraft.rotten_flesh":103,"stat.pickup.harvestcraft.blackberryitem":5,"stat.jump":5176,"stat.useItem.minecraft.sand":45,"stat.pickup.minecraft.coal":354,"stat.pickup.minecraft.iron_ingot":34,"stat.craftItem.minecraft.birch_boat":1,"stat.useItem.minecraft.stone_axe":205,"stat.mineBlock.harvestcraft.shadedgarden":25,"stat.pickup.harvestcraft.peanutitem":3,"stat.pickup.minecraft.spider_eye":1,"stat.craftItem.minecraft.torch":144,"stat.pickup.minecraft.dirt":459,"stat.craftItem.minecraft.iron_helmet":1,"stat.pickup.harvestcraft.bellpepperitem":1,"stat.useItem.minecraft.cooked_chicken":2,"stat.pickup.harvestcraft.chestnutitem":4,"stat.pickup.minecraft.iron_ore":219,"stat.useItem.minecraft.glass":1,"stat.boatOneCm":475227,"stat.pickup.minecraft.gold_ore":23,"stat.mineBlock.minecraft.glass_pane":2,"stat.damageTaken":4510,"stat.pickup.minecraft.leather":5,"stat.mineBlock.minecraft.torch":14,"stat.mineBlock.minecraft.furnace":10,"stat.useItem.minecraft.wooden_pickaxe":11,"stat.mineBlock.minecraft.sapling":1,"stat.pickup.minecraft.log2":10,"stat.craftItem.securitycraft.keypad_frame":2,"stat.mineBlock.harvestcraft.pamplum":2,"stat.pickup.minecraft.reeds":14,"stat.entityKilledBy.Zombie":4,"stat.damageDealt":13087,"stat.craftItem.minecraft.glass":64,"stat.sleepInBed":9,"stat.pickup.harvestcraft.lettuceitem":2,"stat.killEntity.Cow":2,"stat.killEntity.Pig":17,"stat.craftItem.minecraft.iron_sword":1,"stat.craftItem.minecraft.stone_slab":6,"stat.craftItem.minecraft.stone_shovel":1,"stat.pickup.minecraft.boat":1,"stat.craftItem.securitycraft.universal_block_reinforcer_lvl1":1,"stat.walkOneCm":920050,"stat.useItem.minecraft.chest":4,"stat.pickup.minecraft.stick":31,"stat.pickup.harvestcraft.spiceleafitem":2,"stat.pickup.minecraft.stone":257,"stat.craftItem.minecraft.iron_chestplate":1,"stat.pickup.harvestcraft.zucchiniitem":6,"stat.pickup.minecraft.ladder":10,"stat.killEntity.Skeleton":10,"stat.pickup.harvestcraft.amaranthitem":4,"stat.killEntity.Chicken":5,"stat.pickup.harvestcraft.cucumberitem":1,"stat.killEntity.Spider":5,"stat.mobKills":79,"stat.pickup.harvestcraft.plumitem":2,"stat.craftItem.minecraft.shears":1,"stat.mineBlock.basemetals.lead_ore":3,"stat.pickup.securitycraft.reinforced_stone_button":16,"stat.useItem.minecraft.boat":2,"stat.pickup.minecraft.water_bucket":1,"stat.useItem.minecraft.cobblestone_wall":5,"stat.pickup.minecraft.diamond":14,"stat.mineBlock.minecraft.leaves":82,"stat.pickup.minecraft.torch":18,"stat.mineBlock.minecraft.redstone_ore":38,"stat.mineBlock.minecraft.stone":1418,"stat.useItem.minecraft.sandstone":11}