{
  "tetra:spelunking/root": {
    "criteria": {
      "spelunking": "2024-10-15 03:03:54 +0000"
    },
    "done": true
  },
  "packedup:recipes/packedup/basic_from_chest": {
    "criteria": {
      "recipe_condition": "2024-10-15 03:05:39 +0000"
    },
    "done": true
  },
  "minecraft:husbandry/root": {
    "criteria": {
      "consumed_item": "2024-10-15 03:05:55 +0000"
    },
    "done": true
  },
  "minecraft:adventure/adventuring_time": {
    "criteria": {
      "extreme_hills_with_trees": "2024-10-15 03:03:26 +0000",
      "plains": "2024-10-15 03:03:54 +0000",
      "extreme_hills": "2024-10-15 03:02:06 +0000"
    },
    "done": false
  }
}